Feature_1,Feature_2,Feature_3,Feature_4,Feature_5,Feature_6,Feature_7,Feature_8,Feature_9,Feature_10
0.4519168203831231,0.8196738138749774,0.36134721641940504,0.10189324563376223,0.05469695115109374,0.4821114164356385,0.3267640502922383,0.178528803492092,0.6657680801464595,0.6961434367932152
0.7199368340514558,0.9084761202375757,0.511864665314123,0.8405251126402865,0.28215698123926847,0.9343963816248005,0.07692701363967125,0.9681768550246287,0.13244588248493572,0.4112607883148699
0.6573111407865758,0.2971494285913039,0.9873907064298895,0.7025409300346467,0.28637662765457383,0.24194791130353333,0.9041152623741316,0.6010323388129455,0.2395670542670677,0.30022093756930923
0.41340326674408867,0.4152061671093006,0.9047572179995836,0.9940833742590578,0.8304619564876362,0.8048423296270466,0.2748637241447607,0.7242154741842421,0.3972116805646404,0.057406690284047435
0.07749082045378075,0.787681611188793,0.5042440106712303,0.1940638575440251,0.001962785946340362,0.3557779809517171,0.9595504883843345,0.4493778101749223,0.5165658846575887,0.1554747734611407
